Ref,Val,Package,PosX,PosY,Rot,Side
"R1","2k2","R_0603_1608Metric",22.0000,18.0000,0.0000,top
"R301","10k","R_0603_1608Metric",28.0000,18.0000,0.0000,top
"R302","22k","R_0603_1608Metric",34.0000,18.0000,0.0000,top
"R303","47k","R_0603_1608Metric",40.0000,18.0000,0.0000,top
"R401","4k7","R_0603_1608Metric",46.0000,18.0000,0.0000,top
"R403","3k3","R_0603_1608Metric",52.0000,18.0000,0.0000,top
"R901","100k","R_0603_1608Metric",58.0000,18.0000,0.0000,top
"R902","100k","R_0603_1608Metric",64.0000,18.0000,0.0000,top
"R903","1k","R_0603_1608Metric",70.0000,18.0000,0.0000,top
"R905","10k","R_0603_1608Metric",76.0000,18.0000,0.0000,top
